{
  "嶺뽫븼A": {
    "pnl": -0.03640000000000035,
    "count": 156
  },
  "嶺뽫븼D": {
    "pnl": 0.7757999999999998,
    "count": 78
  },
  "嶺뽫븼B": {
    "pnl": 0.2466,
    "count": 65
  },
  "嶺뽫븼C": {
    "pnl": 0.5851000000000003,
    "count": 71
  },
  "嶺뽫븼F": {
    "pnl": -0.7831999999999999,
    "count": 72
  },
  "嶺뽫븼G": {
    "pnl": -0.05719999999999997,
    "count": 18
  },
  "嶺뽫븼H": {
    "pnl": 0.44639999999999996,
    "count": 34
  }
}